Temperature,Formula,ZT
350,Pb0.7Mn0.3Te1Na0.04,0.2762527050536484
400,Pb0.7Mn0.3Te1Na0.04,0.4200501873374674
450,Pb0.7Mn0.3Te1Na0.04,0.5638969698034
500,Pb0.7Mn0.3Te1Na0.04,0.6899887287202079
550,Pb0.7Mn0.3Te1Na0.04,0.7997021900608572
600,Pb0.7Mn0.3Te1Na0.04,0.8972872686373159
650,Pb0.7Mn0.3Te1Na0.04,0.9871012020335967
700,Pb0.7Mn0.3Te1Na0.04,1.1173125045814305
350,Pb0.98Na0.02Te1ISW,0.1785939521677423
400,Pb0.98Na0.02Te1ISW,0.3225912456638284
450,Pb0.98Na0.02Te1ISW,0.5111274526341893
500,Pb0.98Na0.02Te1ISW,0.7302383981721018
550,Pb0.98Na0.02Te1ISW,0.9740441290286076
600,Pb0.98Na0.02Te1ISW,1.2372132516857597
650,Pb0.98Na0.02Te1ISW,1.5071807498996903
700,Pb0.98Na0.02Te1ISW,1.7590601254034857
750,Pb0.98Na0.02Te1ISW,1.954098168748542
350,Pb1Te1Na0.04,0.1674351649884775
400,Pb1Te1Na0.04,0.3008375199277063
450,Pb1Te1Na0.04,0.4924990276936674
500,Pb1Te1Na0.04,0.7150008951020617
550,Pb1Te1Na0.04,0.9413382166317292
600,Pb1Te1Na0.04,1.152910143728204
650,Pb1Te1Na0.04,1.3383781426597634
700,Pb1Te1Na0.04,1.4955055314057322
300,Pb1Te0.88S0.12,0.598908829079483
350,Pb1Te0.88S0.12,0.8986548487315638
400,Pb1Te0.88S0.12,1.0055825700747745
450,Pb1Te0.88S0.12,1.0746640851944929
500,Pb1Te0.88S0.12,1.0995389779739542
550,Pb1Te0.88S0.12,1.0548073957588675
600,Pb1Te0.88S0.12,0.9283226972073324
650,Pb1Te0.88S0.12,0.7513443860030076
700,Pb1Te0.88S0.12,0.5830428871181903
750,Pb1Te0.88S0.12,0.4754891384649582
350,Pb1.00075Zn0.01Te1.01I0.0015,0.1813678385394514
400,Pb1.00075Zn0.01Te1.01I0.0015,0.2749591148865632
450,Pb1.00075Zn0.01Te1.01I0.0015,0.3917217790753075
500,Pb1.00075Zn0.01Te1.01I0.0015,0.5185571450956129
550,Pb1.00075Zn0.01Te1.01I0.0015,0.6446120483898204
600,Pb1.00075Zn0.01Te1.01I0.0015,0.7620529189314289
350,Pb0.97Ce0.03Te1,0.2864294112849884
400,Pb0.97Ce0.03Te1,0.3763572568414764
450,Pb0.97Ce0.03Te1,0.4698399322433464
500,Pb0.97Ce0.03Te1,0.551790418557512
550,Pb0.97Ce0.03Te1,0.6063428080222681
600,Pb0.97Ce0.03Te1,0.6258722867968656
650,Pb0.97Ce0.03Te1,0.6155751320152304
350,Pb0.999La0.001Te1,0.305316516165706
400,Pb0.999La0.001Te1,0.389612978289931
450,Pb0.999La0.001Te1,0.4813614065941278
500,Pb0.999La0.001Te1,0.5791965566306667
550,Pb0.999La0.001Te1,0.6762888242567964
600,Pb0.999La0.001Te1,0.7595359363901487
650,Pb0.999La0.001Te1,0.8112007629120045
700,Pb0.999La0.001Te1,0.8151496725196556
750,Pb0.999La0.001Te1,0.7667548863210204
800,Pb0.999La0.001Te1,0.6796541577560483
400,Pb0.98Na0.02Te1LNSPS,0.527356271525852
450,Pb0.98Na0.02Te1LNSPS,0.6725008009030158
500,Pb0.98Na0.02Te1LNSPS,0.795335948884104
550,Pb0.98Na0.02Te1LNSPS,0.9341304724298422
600,Pb0.98Na0.02Te1LNSPS,1.0699822788624789
650,Pb0.98Na0.02Te1LNSPS,1.1715616099668882
700,Pb0.98Na0.02Te1LNSPS,1.2539732421532193
350,Na0.0125Pb0.9875Se1,0.0162742819542845
400,Na0.0125Pb0.9875Se1,0.0339414257602012
450,Na0.0125Pb0.9875Se1,0.0728984181132126
500,Na0.0125Pb0.9875Se1,0.1331967618032542
550,Na0.0125Pb0.9875Se1,0.2120340090316349
600,Na0.0125Pb0.9875Se1,0.3091760410498411
650,Na0.0125Pb0.9875Se1,0.4295258738721377
700,Na0.0125Pb0.9875Se1,0.5807395723303735
750,Na0.0125Pb0.9875Se1,0.7657060679975678
800,Na0.0125Pb0.9875Se1,0.9715391621645246
350,Pb0.99Na0.01Te1,0.1583807929393199
400,Pb0.99Na0.01Te1,0.3226410987505493
450,Pb0.99Na0.01Te1,0.5576519986239743
500,Pb0.99Na0.01Te1,0.8348615922857964
550,Pb0.99Na0.01Te1,1.1093129950018026
600,Pb0.99Na0.01Te1,1.331549769693289
650,Pb0.99Na0.01Te1,1.463691766367013
700,Pb0.99Na0.01Te1,1.492333318045597
300,Pb1Te0.5Se0.5I0.001,0.2049573640830001
350,Pb1Te0.5Se0.5I0.001,0.3767366462440695
400,Pb1Te0.5Se0.5I0.001,0.5614984661834725
450,Pb1Te0.5Se0.5I0.001,0.7318353077909213
500,Pb1Te0.5Se0.5I0.001,0.907088602171406
550,Pb1Te0.5Se0.5I0.001,1.11605739010697
600,Pb1Te0.5Se0.5I0.001,1.361203783378683
350,Pb1Te1Na0.001Cl0.001,0.5504447800463256
400,Pb1Te1Na0.001Cl0.001,0.6942285699295794
450,Pb1Te1Na0.001Cl0.001,0.8291048540057024
500,Pb1Te1Na0.001Cl0.001,0.947242577893106
550,Pb1Te1Na0.001Cl0.001,1.045641980739075
600,Pb1Te1Na0.001Cl0.001,1.1183234320308402
650,Pb1Te1Na0.001Cl0.001,1.1543767842598385
700,Pb1Te1Na0.001Cl0.001,1.1413102774634778
350,Pb1.0015Zn0.02Te1.02I0.003,0.1612300059683803
400,Pb1.0015Zn0.02Te1.02I0.003,0.2378850337611598
450,Pb1.0015Zn0.02Te1.02I0.003,0.3258391044253781
500,Pb1.0015Zn0.02Te1.02I0.003,0.428933665510728
550,Pb1.0015Zn0.02Te1.02I0.003,0.5465610360933263
600,Pb1.0015Zn0.02Te1.02I0.003,0.6679460089660398
300,Na0.01Pb0.96Cd0.03Te1,0.0516865170319053
350,Na0.01Pb0.96Cd0.03Te1,0.1449215650504375
400,Na0.01Pb0.96Cd0.03Te1,0.3027502782069856
450,Na0.01Pb0.96Cd0.03Te1,0.5055923438033452
500,Na0.01Pb0.96Cd0.03Te1,0.72083780153834
550,Na0.01Pb0.96Cd0.03Te1,0.9270928825762208
600,Na0.01Pb0.96Cd0.03Te1,1.1176901460646569
650,Na0.01Pb0.96Cd0.03Te1,1.2908514921714154
700,Na0.01Pb0.96Cd0.03Te1,1.4357147942897623
750,Na0.01Pb0.96Cd0.03Te1,1.5171816900885262
350,In0.005Sn0.995Te0.9875I0.0125,0.0626561489924597
400,In0.005Sn0.995Te0.9875I0.0125,0.08104383843275
450,In0.005Sn0.995Te0.9875I0.0125,0.1087829752580732
500,In0.005Sn0.995Te0.9875I0.0125,0.1471083600184569
550,In0.005Sn0.995Te0.9875I0.0125,0.1967865850488036
600,In0.005Sn0.995Te0.9875I0.0125,0.2576049040973989
650,In0.005Sn0.995Te0.9875I0.0125,0.327768217932755
700,In0.005Sn0.995Te0.9875I0.0125,0.40301207824018
750,In0.005Sn0.995Te0.9875I0.0125,0.4754319601533943
400,Sn1Te1,0.0079072984755934
450,Sn1Te1,0.019229314325948
500,Sn1Te1,0.0385587433237982
550,Sn1Te1,0.0690478858736223
600,Sn1Te1,0.1161352955549516
650,Sn1Te1,0.1865047070717118
700,Sn1Te1,0.2833925158964136
750,Sn1Te1,0.3985578797964749
800,Sn1Te1,0.5077758553036745
850,Sn1Te1,0.5798842149515896
400,Pb1S0.992Cl0.008,0.0919010269493363
450,Pb1S0.992Cl0.008,0.1516723008612969
500,Pb1S0.992Cl0.008,0.2058983599019368
550,Pb1S0.992Cl0.008,0.2428340815837958
600,Pb1S0.992Cl0.008,0.2688911164862705
650,Pb1S0.992Cl0.008,0.3006512443779915
700,Pb1S0.992Cl0.008,0.3540340596783233
750,Pb1S0.992Cl0.008,0.4344181580768537
800,Pb1S0.992Cl0.008,0.5205195824949796
300,Pb1.002Te0.5Se0.5I0.004,0.1321379485646417
350,Pb1.002Te0.5Se0.5I0.004,0.2342146022668628
400,Pb1.002Te0.5Se0.5I0.004,0.3625780628840063
450,Pb1.002Te0.5Se0.5I0.004,0.5141963292595456
500,Pb1.002Te0.5Se0.5I0.004,0.663620266229334
550,Pb1.002Te0.5Se0.5I0.004,0.7909702808438941
600,Pb1.002Te0.5Se0.5I0.004,0.8915912329558517
400,Pb0.98Na0.02Te1FC,0.2912960477126118
450,Pb0.98Na0.02Te1FC,0.4682991832157199
500,Pb0.98Na0.02Te1FC,0.6582509564362411
550,Pb0.98Na0.02Te1FC,0.8497590638982578
600,Pb0.98Na0.02Te1FC,1.053222192049076
650,Pb0.98Na0.02Te1FC,1.2693530241938378
700,Pb0.98Na0.02Te1FC,1.4746700980242042
750,Pb0.98Na0.02Te1FC,1.6134552580886372
350,Na0.03Pb0.97Te0.85Se0.15,0.200745735628413
400,Na0.03Pb0.97Te0.85Se0.15,0.3791968297351246
450,Na0.03Pb0.97Te0.85Se0.15,0.5785585503122577
500,Na0.03Pb0.97Te0.85Se0.15,0.7872143212638534
550,Na0.03Pb0.97Te0.85Se0.15,0.9871905369470204
600,Na0.03Pb0.97Te0.85Se0.15,1.1593283793889462
650,Na0.03Pb0.97Te0.85Se0.15,1.2941758324250716
700,Na0.03Pb0.97Te0.85Se0.15,1.3974608887229594
750,Na0.03Pb0.97Te0.85Se0.15,1.493665855352448
350,Pb1Se0.7Te0.3,0.3602367279851071
400,Pb1Se0.7Te0.3,0.4945045945782884
450,Pb1Se0.7Te0.3,0.6219835155756896
500,Pb1Se0.7Te0.3,0.7336973640068302
550,Pb1Se0.7Te0.3,0.8231965570886935
600,Pb1Se0.7Te0.3,0.8802240839452684
650,Pb1Se0.7Te0.3,0.8898513870347169
350,Pb0.9995La0.0005Te1,0.4018361081300639
400,Pb0.9995La0.0005Te1,0.482182977410039
450,Pb0.9995La0.0005Te1,0.551214564267807
500,Pb0.9995La0.0005Te1,0.6061762563851603
550,Pb0.9995La0.0005Te1,0.6446813631229987
600,Pb0.9995La0.0005Te1,0.66250321067203
650,Pb0.9995La0.0005Te1,0.6532311076980843
700,Pb0.9995La0.0005Te1,0.6102749360728967
750,Pb0.9995La0.0005Te1,0.5309687772416631
800,Pb0.9995La0.0005Te1,0.4207299694666518
350,In0.005Ag0.0075Sn0.9875Te1,0.0767913668672554
400,In0.005Ag0.0075Sn0.9875Te1,0.0980098659363363
450,In0.005Ag0.0075Sn0.9875Te1,0.1258387944836803
500,In0.005Ag0.0075Sn0.9875Te1,0.1585157864557028
550,In0.005Ag0.0075Sn0.9875Te1,0.1949661131159823
600,In0.005Ag0.0075Sn0.9875Te1,0.2354603101636354
650,In0.005Ag0.0075Sn0.9875Te1,0.2820298510333797
700,In0.005Ag0.0075Sn0.9875Te1,0.3385807660536417
750,In0.005Ag0.0075Sn0.9875Te1,0.4104911033125985
300,Pb1Te0.75Se0.25,0.0425814652871852
350,Pb1Te0.75Se0.25,0.0763561679282603
400,Pb1Te0.75Se0.25,0.1424217827207722
450,Pb1Te0.75Se0.25,0.2459656034054507
500,Pb1Te0.75Se0.25,0.3690613025102778
550,Pb1Te0.75Se0.25,0.484944249313422
600,Pb1Te0.75Se0.25,0.5827882727884667
650,Pb1Te0.75Se0.25,0.6588668353648128
700,Pb1Te0.75Se0.25,0.706977085185684
750,Pb1Te0.75Se0.25,0.7251579167290491
800,Pb1Te0.75Se0.25,0.723890620067925
400,Na0.01Pb0.99Te0.85Se0.15,0.2909088714024198
450,Na0.01Pb0.99Te0.85Se0.15,0.4155463352639274
500,Na0.01Pb0.99Te0.85Se0.15,0.5218587256850737
550,Na0.01Pb0.99Te0.85Se0.15,0.6080494166141949
600,Na0.01Pb0.99Te0.85Se0.15,0.6664057336775139
650,Na0.01Pb0.99Te0.85Se0.15,0.682126799975519
700,Na0.01Pb0.99Te0.85Se0.15,0.6508395573206348
750,Na0.01Pb0.99Te0.85Se0.15,0.5935031631117034
350,Pb1Te1Na0.06,0.0739316637267433
400,Pb1Te1Na0.06,0.207134448902041
450,Pb1Te1Na0.06,0.3618387810817658
500,Pb1Te1Na0.06,0.4630481705845458
550,Pb1Te1Na0.06,0.4913510870713343
600,Pb1Te1Na0.06,0.4668906029982006
650,Pb1Te1Na0.06,0.4152862429569297
700,Pb1Te1Na0.06,0.3603092767925737
350,Pb1Te1In0.14,0.1385399320671365
400,Pb1Te1In0.14,0.1635242540573479
450,Pb1Te1In0.14,0.1963251864336287
500,Pb1Te1In0.14,0.2382174102514462
550,Pb1Te1In0.14,0.2867407509206138
600,Pb1Te1In0.14,0.3363078465009177
650,Pb1Te1In0.14,0.3854645814123566
700,Pb1Te1In0.14,0.4530187470243152
350,Pb1S0.9987Cl0.0013,0.2286006446473373
400,Pb1S0.9987Cl0.0013,0.3197596583178752
450,Pb1S0.9987Cl0.0013,0.4031158733076677
500,Pb1S0.9987Cl0.0013,0.4696626946877389
550,Pb1S0.9987Cl0.0013,0.5188181758788981
600,Pb1S0.9987Cl0.0013,0.554276558138108
650,Pb1S0.9987Cl0.0013,0.5796420354223536
700,Pb1S0.9987Cl0.0013,0.5958156732243526
750,Pb1S0.9987Cl0.0013,0.6004872848608248
800,Pb1S0.9987Cl0.0013,0.5897915337407856
850,Pb1S0.9987Cl0.0013,0.5613061225043248
350,Pb0.98Na0.02Te1LN,0.2074480797866048
400,Pb0.98Na0.02Te1LN,0.3944111272941694
450,Pb0.98Na0.02Te1LN,0.611986569964086
500,Pb0.98Na0.02Te1LN,0.8288351252076533
550,Pb0.98Na0.02Te1LN,1.044664202940889
600,Pb0.98Na0.02Te1LN,1.2638131651648132
650,Pb0.98Na0.02Te1LN,1.4831767808443674
700,Pb0.98Na0.02Te1LN,1.693142134873839
750,Pb0.98Na0.02Te1LN,1.883134764551227
350,Pb0.999In0.001Te0.8Se0.2,0.1023650040248034
400,Pb0.999In0.001Te0.8Se0.2,0.1597848527125374
450,Pb0.999In0.001Te0.8Se0.2,0.2304748050010073
500,Pb0.999In0.001Te0.8Se0.2,0.3136110106033803
550,Pb0.999In0.001Te0.8Se0.2,0.400018626207536
600,Pb0.999In0.001Te0.8Se0.2,0.4756231535782916
650,Pb0.999In0.001Te0.8Se0.2,0.5303151181220622
350,Pb0.9985La0.0015Te1,0.2917893085156278
400,Pb0.9985La0.0015Te1,0.4056160541564151
450,Pb0.9985La0.0015Te1,0.5327595972825209
500,Pb0.9985La0.0015Te1,0.6682037986742156
550,Pb0.9985La0.0015Te1,0.8024999386055872
600,Pb0.9985La0.0015Te1,0.9216172365215126
650,Pb0.9985La0.0015Te1,1.0082755811467268
700,Pb0.9985La0.0015Te1,1.0462673081947795
750,Pb0.9985La0.0015Te1,1.028286229306543
800,Pb0.9985La0.0015Te1,0.9639607228070202
300,Bi0.0026Pb0.9974Te0.88S0.12,0.1425487701204529
350,Bi0.0026Pb0.9974Te0.88S0.12,0.2180480966241931
400,Bi0.0026Pb0.9974Te0.88S0.12,0.3196214710755269
450,Bi0.0026Pb0.9974Te0.88S0.12,0.442290869815859
500,Bi0.0026Pb0.9974Te0.88S0.12,0.5745264486127047
550,Bi0.0026Pb0.9974Te0.88S0.12,0.7019098427698156
600,Bi0.0026Pb0.9974Te0.88S0.12,0.813209338191456
650,Bi0.0026Pb0.9974Te0.88S0.12,0.9042013851511468
700,Bi0.0026Pb0.9974Te0.88S0.12,0.9765979151697272
750,Bi0.0026Pb0.9974Te0.88S0.12,1.032757461166019
350,Pb1.0016Te0.75S0.15Se0.1Cl0.0032,0.1198702141607394
400,Pb1.0016Te0.75S0.15Se0.1Cl0.0032,0.1928410771525029
450,Pb1.0016Te0.75S0.15Se0.1Cl0.0032,0.2820473134949903
500,Pb1.0016Te0.75S0.15Se0.1Cl0.0032,0.3912652831328267
550,Pb1.0016Te0.75S0.15Se0.1Cl0.0032,0.5171736967639411
600,Pb1.0016Te0.75S0.15Se0.1Cl0.0032,0.6490383138859389
650,Pb1.0016Te0.75S0.15Se0.1Cl0.0032,0.7728258297036749
700,Pb1.0016Te0.75S0.15Se0.1Cl0.0032,0.8763880550005899
750,Pb1.0016Te0.75S0.15Se0.1Cl0.0032,0.9515113704687386
800,Pb1.0016Te0.75S0.15Se0.1Cl0.0032,0.9936016788950012
850,Pb1.0016Te0.75S0.15Se0.1Cl0.0032,1.0026835833340138
350,Pb0.985Ce0.015Te1,0.2861827814265354
400,Pb0.985Ce0.015Te1,0.3560216274665762
450,Pb0.985Ce0.015Te1,0.4258686649104122
500,Pb0.985Ce0.015Te1,0.4859655912504546
550,Pb0.985Ce0.015Te1,0.525350005501288
600,Pb0.985Ce0.015Te1,0.5387566999011475
650,Pb0.985Ce0.015Te1,0.5282239651484965
350,Pb1Te1Cl0.006,0.2158281232391143
400,Pb1Te1Cl0.006,0.3205941890399292
450,Pb1Te1Cl0.006,0.4149992626766953
500,Pb1Te1Cl0.006,0.4972299917808053
550,Pb1Te1Cl0.006,0.5703954158565494
600,Pb1Te1Cl0.006,0.638163730881553
650,Pb1Te1Cl0.006,0.7054214394370463
700,Pb1Te1Cl0.006,0.77919157380692
350,In0.01Ag0.015Sn0.975Te1,0.1208272501708431
400,In0.01Ag0.015Sn0.975Te1,0.1627032938553327
450,In0.01Ag0.015Sn0.975Te1,0.208138367891125
500,In0.01Ag0.015Sn0.975Te1,0.2508320344622354
550,In0.01Ag0.015Sn0.975Te1,0.2919547579150744
600,In0.01Ag0.015Sn0.975Te1,0.3374056626688886
650,In0.01Ag0.015Sn0.975Te1,0.3930359234571964
700,In0.01Ag0.015Sn0.975Te1,0.4598877734847208
750,In0.01Ag0.015Sn0.975Te1,0.5284732474558611
350,Pb1.0005Zn0.01Te1.01I0.001,0.3506504122977211
400,Pb1.0005Zn0.01Te1.01I0.001,0.4503850154569588
450,Pb1.0005Zn0.01Te1.01I0.001,0.5680733488310695
500,Pb1.0005Zn0.01Te1.01I0.001,0.7095568782472383
550,Pb1.0005Zn0.01Te1.01I0.001,0.8761233311362273
600,Pb1.0005Zn0.01Te1.01I0.001,1.0597643655815625
350,Na0.012Pb0.958Cd0.03Te1,0.1739418179172885
400,Na0.012Pb0.958Cd0.03Te1,0.2975934337377484
450,Na0.012Pb0.958Cd0.03Te1,0.4729812429958788
500,Na0.012Pb0.958Cd0.03Te1,0.6910784371873622
550,Na0.012Pb0.958Cd0.03Te1,0.9290032230027956
600,Na0.012Pb0.958Cd0.03Te1,1.159655381173385
650,Na0.012Pb0.958Cd0.03Te1,1.363914228519107
700,Na0.012Pb0.958Cd0.03Te1,1.5322898854081584
750,Na0.012Pb0.958Cd0.03Te1,1.6502598762574787
350,Pb1.00085Te0.75S0.15Se0.1Cl0.0017,0.2132710233875052
400,Pb1.00085Te0.75S0.15Se0.1Cl0.0017,0.3164772107855673
450,Pb1.00085Te0.75S0.15Se0.1Cl0.0017,0.4350184240241189
500,Pb1.00085Te0.75S0.15Se0.1Cl0.0017,0.5565216981804179
550,Pb1.00085Te0.75S0.15Se0.1Cl0.0017,0.6733336669643244
600,Pb1.00085Te0.75S0.15Se0.1Cl0.0017,0.7832595930019975
650,Pb1.00085Te0.75S0.15Se0.1Cl0.0017,0.8857996083028703
700,Pb1.00085Te0.75S0.15Se0.1Cl0.0017,0.9764908443706544
750,Pb1.00085Te0.75S0.15Se0.1Cl0.0017,1.0419012832117298
800,Pb1.00085Te0.75S0.15Se0.1Cl0.0017,1.058704415135653
850,Pb1.00085Te0.75S0.15Se0.1Cl0.0017,1.001477953341018
300,Pb1S0.9973Cl0.0027,0.0768273045687963
350,Pb1S0.9973Cl0.0027,0.1440334049848614
400,Pb1S0.9973Cl0.0027,0.2225478532247899
450,Pb1S0.9973Cl0.0027,0.3050123102727684
500,Pb1S0.9973Cl0.0027,0.3848861648678833
550,Pb1S0.9973Cl0.0027,0.4571825735024303
600,Pb1S0.9973Cl0.0027,0.5185592882149146
650,Pb1S0.9973Cl0.0027,0.5671580953194502
700,Pb1S0.9973Cl0.0027,0.6024905955297121
750,Pb1S0.9973Cl0.0027,0.625816991072666
800,Pb1S0.9973Cl0.0027,0.6417254688003516
850,Pb1S0.9973Cl0.0027,0.6613528590916419
350,Na0.005Pb0.995Se1,0.0732324267222555
400,Na0.005Pb0.995Se1,0.127925135746482
450,Na0.005Pb0.995Se1,0.1958110501663878
500,Na0.005Pb0.995Se1,0.2786715157251558
550,Na0.005Pb0.995Se1,0.3808602337534675
600,Na0.005Pb0.995Se1,0.5063665051393842
650,Na0.005Pb0.995Se1,0.6537402028907996
700,Na0.005Pb0.995Se1,0.8087523755686088
750,Na0.005Pb0.995Se1,0.9380428942843154
800,Na0.005Pb0.995Se1,0.9928594732684336
350,Pb1Te1Cl0.01,0.0436269389368469
400,Pb1Te1Cl0.01,0.0703798340604057
450,Pb1Te1Cl0.01,0.1042527662240456
500,Pb1Te1Cl0.01,0.1488906412817541
550,Pb1Te1Cl0.01,0.2063972323865007
600,Pb1Te1Cl0.01,0.2769642461461165
650,Pb1Te1Cl0.01,0.3598063702410211
700,Pb1Te1Cl0.01,0.4530165558875778
300,Pb1Te0.2Se0.8,0.0412731550820868
350,Pb1Te0.2Se0.8,0.0728729243114203
400,Pb1Te0.2Se0.8,0.1319079431790819
450,Pb1Te0.2Se0.8,0.2197710199612548
500,Pb1Te0.2Se0.8,0.3247636349300783
550,Pb1Te0.2Se0.8,0.4323978780917422
600,Pb1Te0.2Se0.8,0.535196574655776
650,Pb1Te0.2Se0.8,0.6291316857070354
700,Pb1Te0.2Se0.8,0.7052902113424735
750,Pb1Te0.2Se0.8,0.7448813100040051
800,Pb1Te0.2Se0.8,0.7247018253244254
350,Na0.07Pb0.93Te0.85Se0.15,0.1731046030723927
400,Na0.07Pb0.93Te0.85Se0.15,0.3647341582183879
450,Na0.07Pb0.93Te0.85Se0.15,0.5968020149291662
500,Na0.07Pb0.93Te0.85Se0.15,0.7586385174470304
550,Na0.07Pb0.93Te0.85Se0.15,0.8913150056649926
600,Na0.07Pb0.93Te0.85Se0.15,1.044236640656545
650,Na0.07Pb0.93Te0.85Se0.15,1.1795574936310982
700,Na0.07Pb0.93Te0.85Se0.15,1.192930269391688
350,Pb1Te0.996I0.004,0.0759896789062076
400,Pb1Te0.996I0.004,0.130537439969499
450,Pb1Te0.996I0.004,0.2171392376336144
500,Pb1Te0.996I0.004,0.3209427774228854
550,Pb1Te0.996I0.004,0.4315359796449621
600,Pb1Te0.996I0.004,0.5493626828529515
650,Pb1Te0.996I0.004,0.6826613100346365
700,Pb1Te0.996I0.004,0.8373729808228023
750,Pb1Te0.996I0.004,1.001598149321158
350,Pb1Te0.9993I0.0007,0.4228759479252528
400,Pb1Te0.9993I0.0007,0.5578518827493553
450,Pb1Te0.9993I0.0007,0.721279538529647
500,Pb1Te0.9993I0.0007,0.8851653799003365
550,Pb1Te0.9993I0.0007,1.0319725804485524
600,Pb1Te0.9993I0.0007,1.1506225299983754
650,Pb1Te0.9993I0.0007,1.2274687341398802
700,Pb1Te0.9993I0.0007,1.2405557368499318
750,Pb1Te0.9993I0.0007,1.1658163350012711
350,In0.005Sn0.995Te0.9925I0.0075,0.0795525973967294
400,In0.005Sn0.995Te0.9925I0.0075,0.0943735405857729
450,In0.005Sn0.995Te0.9925I0.0075,0.1178972955903655
500,In0.005Sn0.995Te0.9925I0.0075,0.1467507023115408
550,In0.005Sn0.995Te0.9925I0.0075,0.1822401697924157
600,In0.005Sn0.995Te0.9925I0.0075,0.2283324258970218
650,In0.005Sn0.995Te0.9925I0.0075,0.2864171643875031
700,In0.005Sn0.995Te0.9925I0.0075,0.3459726057302886
350,Na0.007Pb0.993Se1,0.0471494692258176
400,Na0.007Pb0.993Se1,0.0817928720461835
450,Na0.007Pb0.993Se1,0.1319909038800157
500,Na0.007Pb0.993Se1,0.2042294713627603
550,Na0.007Pb0.993Se1,0.3048578155963251
600,Na0.007Pb0.993Se1,0.4375689088058547
650,Na0.007Pb0.993Se1,0.6002890436636145
700,Na0.007Pb0.993Se1,0.7821012891073568
750,Na0.007Pb0.993Se1,0.9619609822979776
800,Na0.007Pb0.993Se1,1.1128959255127644
300,Pb1.005Te0.5Se0.5I0.01,0.0473358021677189
350,Pb1.005Te0.5Se0.5I0.01,0.0744976304921468
400,Pb1.005Te0.5Se0.5I0.01,0.1148890809430944
450,Pb1.005Te0.5Se0.5I0.01,0.1732022138769623
500,Pb1.005Te0.5Se0.5I0.01,0.2598986886048953
550,Pb1.005Te0.5Se0.5I0.01,0.379186889875628
600,Pb1.005Te0.5Se0.5I0.01,0.5044033825877798
300,Na0.02Pb0.95Cd0.03Te1,0.1064708852521069
350,Na0.02Pb0.95Cd0.03Te1,0.184980596153435
400,Na0.02Pb0.95Cd0.03Te1,0.3333489496513831
450,Na0.02Pb0.95Cd0.03Te1,0.5383991918987585
500,Na0.02Pb0.95Cd0.03Te1,0.7706861071937497
550,Na0.02Pb0.95Cd0.03Te1,1.004680012449391
600,Na0.02Pb0.95Cd0.03Te1,1.2184942260297102
650,Na0.02Pb0.95Cd0.03Te1,1.3880927454669354
700,Na0.02Pb0.95Cd0.03Te1,1.4931542308461507
750,Na0.02Pb0.95Cd0.03Te1,1.532095386329602
300,Pb0.998Yb0.002Te0.994I0.006,0.2781545106368883
350,Pb0.998Yb0.002Te0.994I0.006,0.2984420002799845
400,Pb0.998Yb0.002Te0.994I0.006,0.3465506844811695
450,Pb0.998Yb0.002Te0.994I0.006,0.400655857706751
500,Pb0.998Yb0.002Te0.994I0.006,0.4650645664310699
550,Pb0.998Yb0.002Te0.994I0.006,0.5290177922601974
600,Pb0.998Yb0.002Te0.994I0.006,0.5432398358267785
350,In0.0025Ag0.0075Sn0.99Te1,0.0484204579027479
400,In0.0025Ag0.0075Sn0.99Te1,0.0652884264837532
450,In0.0025Ag0.0075Sn0.99Te1,0.0842898406033966
500,In0.0025Ag0.0075Sn0.99Te1,0.1068768467634487
550,In0.0025Ag0.0075Sn0.99Te1,0.1356046289489458
600,In0.0025Ag0.0075Sn0.99Te1,0.1738479857597463
650,In0.0025Ag0.0075Sn0.99Te1,0.224965218245644
700,In0.0025Ag0.0075Sn0.99Te1,0.2899861747198161
750,In0.0025Ag0.0075Sn0.99Te1,0.3623273910095868
350,Pb0.999In0.001Te0.99Se0.01,0.0520288534944249
400,Pb0.999In0.001Te0.99Se0.01,0.105190459760029
450,Pb0.999In0.001Te0.99Se0.01,0.1901483657193193
500,Pb0.999In0.001Te0.99Se0.01,0.2976119913525236
550,Pb0.999In0.001Te0.99Se0.01,0.411071717675585
600,Pb0.999In0.001Te0.99Se0.01,0.5158964351804624
650,Pb0.999In0.001Te0.99Se0.01,0.6010527755416857
700,Pb0.999In0.001Te0.99Se0.01,0.6534602749098221
750,Pb0.999In0.001Te0.99Se0.01,0.6541270688355054
300,Pb1.001Te0.5Se0.5I0.002,0.1003756491623146
350,Pb1.001Te0.5Se0.5I0.002,0.1607560233135765
400,Pb1.001Te0.5Se0.5I0.002,0.2660656651185069
450,Pb1.001Te0.5Se0.5I0.002,0.4395060999121968
500,Pb1.001Te0.5Se0.5I0.002,0.6565288661678889
550,Pb1.001Te0.5Se0.5I0.002,0.8592609096044603
600,Pb1.001Te0.5Se0.5I0.002,1.0397329287992274
350,In0.005Sn0.995Te1,0.1041761115434845
400,In0.005Sn0.995Te1,0.1323513567575732
450,In0.005Sn0.995Te1,0.1643030848902567
500,In0.005Sn0.995Te1,0.2019839896512552
550,In0.005Sn0.995Te1,0.247154288329694
600,In0.005Sn0.995Te1,0.3014310116193096
650,In0.005Sn0.995Te1,0.3665597573723246
700,In0.005Sn0.995Te1,0.4447974545767342
750,In0.005Sn0.995Te1,0.5392216651831112
300,Pb1Te1,0.0963351730895988
750,Pb1Te1,0.6746923718339314
800,Pb1Te1,0.6004643077473075
350,Pb0.98Na0.02Te1Air,0.2397110859088749
400,Pb0.98Na0.02Te1Air,0.4471237077080512
450,Pb0.98Na0.02Te1Air,0.7258910915484933
500,Pb0.98Na0.02Te1Air,1.0409749629654628
550,Pb0.98Na0.02Te1Air,1.341275925976105
600,Pb0.98Na0.02Te1Air,1.589167550026649
650,Pb0.98Na0.02Te1Air,1.7734985048254206
700,Pb0.98Na0.02Te1Air,1.880857556842941
750,Pb0.98Na0.02Te1Air,1.847728035931304
300,Pb0.98Na0.02Te1,0.0741266479353155
350,Pb1.00015Zn0.01Te1.01I0.0003,0.5683453079309562
400,Pb1.00015Zn0.01Te1.01I0.0003,0.6670514060786569
450,Pb1.00015Zn0.01Te1.01I0.0003,0.773718450136139
500,Pb1.00015Zn0.01Te1.01I0.0003,0.8975914264463816
550,Pb1.00015Zn0.01Te1.01I0.0003,1.0327928851484571
600,Pb1.00015Zn0.01Te1.01I0.0003,1.147985673533663
300,Pb1Te0.5Se0.5I0.0006,0.3377018538621272
350,Pb1Te0.5Se0.5I0.0006,0.5602017413709047
400,Pb1Te0.5Se0.5I0.0006,0.72885722774793
450,Pb1Te0.5Se0.5I0.0006,0.9055529178489492
500,Pb1Te0.5Se0.5I0.0006,1.0823747759681288
550,Pb1Te0.5Se0.5I0.0006,1.210918219559313
600,Pb1Te0.5Se0.5I0.0006,1.2498498667514095
350,Pb1.0039Te0.75S0.15Se0.1Cl0.0078,0.0396616424966404
400,Pb1.0039Te0.75S0.15Se0.1Cl0.0078,0.0684642275023097
450,Pb1.0039Te0.75S0.15Se0.1Cl0.0078,0.1145739535823953
500,Pb1.0039Te0.75S0.15Se0.1Cl0.0078,0.1774145509752978
550,Pb1.0039Te0.75S0.15Se0.1Cl0.0078,0.2556489413626304
600,Pb1.0039Te0.75S0.15Se0.1Cl0.0078,0.3495167440775655
650,Pb1.0039Te0.75S0.15Se0.1Cl0.0078,0.461430520093446
700,Pb1.0039Te0.75S0.15Se0.1Cl0.0078,0.5941642488759087
750,Pb1.0039Te0.75S0.15Se0.1Cl0.0078,0.7472893696770464
800,Pb1.0039Te0.75S0.15Se0.1Cl0.0078,0.913192071162214
350,Na0.0025Pb0.9975Se1,0.1638060011958713
400,Na0.0025Pb0.9975Se1,0.3001002249484176
450,Na0.0025Pb0.9975Se1,0.4351725656009406
500,Na0.0025Pb0.9975Se1,0.5469634269046014
550,Na0.0025Pb0.9975Se1,0.6419289696782764
600,Na0.0025Pb0.9975Se1,0.7202329253175389
650,Na0.0025Pb0.9975Se1,0.752410887943058
350,Pb1.00075Zn0.02Te1.02I0.0015,0.222901809501509
400,Pb1.00075Zn0.02Te1.02I0.0015,0.3298769027836679
450,Pb1.00075Zn0.02Te1.02I0.0015,0.4460407729408638
500,Pb1.00075Zn0.02Te1.02I0.0015,0.5626512675903562
550,Pb1.00075Zn0.02Te1.02I0.0015,0.6749128788182963
600,Pb1.00075Zn0.02Te1.02I0.0015,0.7791662155969639
350,Na0.0035Pb0.9965Se1,0.1220098549082482
400,Na0.0035Pb0.9965Se1,0.20106405519446
450,Na0.0035Pb0.9965Se1,0.3176946323584896
500,Na0.0035Pb0.9965Se1,0.4592481859897602
550,Na0.0035Pb0.9965Se1,0.6101179389087031
600,Na0.0035Pb0.9965Se1,0.756997091997
650,Na0.0035Pb0.9965Se1,0.8880328893307615
700,Na0.0035Pb0.9965Se1,0.987292192632374
750,Na0.0035Pb0.9965Se1,1.0314303813818433
800,Na0.0035Pb0.9965Se1,0.9958377585974127
300,Sn0.98Bi0.02Te1,0.0126424299183909
450,Sn0.98Bi0.02Te1,0.1005794544042866
500,Sn0.98Bi0.02Te1,0.1406101482453302
550,Sn0.98Bi0.02Te1,0.1969516076194269
600,Sn0.98Bi0.02Te1,0.270215876550066
650,Sn0.98Bi0.02Te1,0.357252064299222
700,Sn0.98Bi0.02Te1,0.4511555769637324
750,Sn0.98Bi0.02Te1,0.5423599941942192
800,Sn0.98Bi0.02Te1,0.619510745096042
850,Sn0.98Bi0.02Te1,0.6695623691810559
350,Na0.05Pb0.95Te0.85Se0.15,0.1775244687840927
400,Na0.05Pb0.95Te0.85Se0.15,0.3324951008595199
450,Na0.05Pb0.95Te0.85Se0.15,0.513451195588517
500,Na0.05Pb0.95Te0.85Se0.15,0.6898573195836779
550,Na0.05Pb0.95Te0.85Se0.15,0.8651241499991444
600,Na0.05Pb0.95Te0.85Se0.15,1.0441885381295395
650,Na0.05Pb0.95Te0.85Se0.15,1.2073372085985798
700,Na0.05Pb0.95Te0.85Se0.15,1.3397419931923964
750,Na0.05Pb0.95Te0.85Se0.15,1.5270488088202103
350,Sb0.006Pb0.994Te0.88S0.12,0.2275680067369095
400,Sb0.006Pb0.994Te0.88S0.12,0.3553387188386462
450,Sb0.006Pb0.994Te0.88S0.12,0.4778456984745717
500,Sb0.006Pb0.994Te0.88S0.12,0.634787412765123
550,Sb0.006Pb0.994Te0.88S0.12,0.8291049025544279
600,Sb0.006Pb0.994Te0.88S0.12,1.0324805362055551
650,Sb0.006Pb0.994Te0.88S0.12,1.1966663413092744
700,Sb0.006Pb0.994Te0.88S0.12,1.2838132978730394
750,Sb0.006Pb0.994Te0.88S0.12,1.2677972331753542
350,In0.01Sn0.99Te0.99I0.01,0.078157304300275
400,In0.01Sn0.99Te0.99I0.01,0.115420108783549
450,In0.01Sn0.99Te0.99I0.01,0.1673066371711292
500,In0.01Sn0.99Te0.99I0.01,0.2276202459011661
550,In0.01Sn0.99Te0.99I0.01,0.2928429122738586
600,In0.01Sn0.99Te0.99I0.01,0.3646515494894652
650,In0.01Sn0.99Te0.99I0.01,0.4462629227418977
700,In0.01Sn0.99Te0.99I0.01,0.5327574214616422
750,In0.01Sn0.99Te0.99I0.01,0.5958510145713525
300,Bi0.00088Pb0.99912Te0.88S0.12,0.4760831615666021
350,Bi0.00088Pb0.99912Te0.88S0.12,0.6391713529634652
400,Bi0.00088Pb0.99912Te0.88S0.12,0.8079601279748488
450,Bi0.00088Pb0.99912Te0.88S0.12,0.9715097443679732
500,Bi0.00088Pb0.99912Te0.88S0.12,1.1049216399757382
550,Bi0.00088Pb0.99912Te0.88S0.12,1.1869620293496732
600,Bi0.00088Pb0.99912Te0.88S0.12,1.212216132954984
650,Bi0.00088Pb0.99912Te0.88S0.12,1.1919778796495355
700,Bi0.00088Pb0.99912Te0.88S0.12,1.1481313616373834
750,Bi0.00088Pb0.99912Te0.88S0.12,1.1074928235447112
300,Pb1.00025Zn0.01Te1.01I0.0005,0.3468694128352798
350,Pb1.00025Zn0.01Te1.01I0.0005,0.4597076191716064
400,Pb1.00025Zn0.01Te1.01I0.0005,0.5786575735575253
450,Pb1.00025Zn0.01Te1.01I0.0005,0.7039670120194247
500,Pb1.00025Zn0.01Te1.01I0.0005,0.8460169626715448
550,Pb1.00025Zn0.01Te1.01I0.0005,1.0113229597081117
600,Pb1.00025Zn0.01Te1.01I0.0005,1.1816076760583984
350,In0.01Ag0.005Sn0.985Te1,0.1460208595948212
400,In0.01Ag0.005Sn0.985Te1,0.1774567410643388
450,In0.01Ag0.005Sn0.985Te1,0.2077024317760028
500,In0.01Ag0.005Sn0.985Te1,0.2428065520855136
550,In0.01Ag0.005Sn0.985Te1,0.2884494875687048
600,In0.01Ag0.005Sn0.985Te1,0.3477961202433697
650,In0.01Ag0.005Sn0.985Te1,0.4187816534127088
700,In0.01Ag0.005Sn0.985Te1,0.4902491363171655
750,In0.01Ag0.005Sn0.985Te1,0.5397673286646697
350,Pb1Te0.99I0.01,0.0322200499931974
400,Pb1Te0.99I0.01,0.0462651483804211
450,Pb1Te0.99I0.01,0.0717869626073239
500,Pb1Te0.99I0.01,0.1061183828140813
550,Pb1Te0.99I0.01,0.1486022538563714
600,Pb1Te0.99I0.01,0.20222014449253
650,Pb1Te0.99I0.01,0.2733183561151914
700,Pb1Te0.99I0.01,0.368649668759513
750,Pb1Te0.99I0.01,0.4886276987921094
350,Pb0.64Mn0.36Te1Na0.04,0.2912574440288382
400,Pb0.64Mn0.36Te1Na0.04,0.4169457429750589
450,Pb0.64Mn0.36Te1Na0.04,0.5398213728807129
500,Pb0.64Mn0.36Te1Na0.04,0.6572379690456333
550,Pb0.64Mn0.36Te1Na0.04,0.7727830256100174
600,Pb0.64Mn0.36Te1Na0.04,0.8805374426852723
650,Pb0.64Mn0.36Te1Na0.04,0.9761592173636364
700,Pb0.64Mn0.36Te1Na0.04,1.1349115580240785
350,Pb1Se0.5Te0.5,0.5117487865848028
400,Pb1Se0.5Te0.5,0.6550711366742593
450,Pb1Se0.5Te0.5,0.8116828682854199
500,Pb1Se0.5Te0.5,0.9686045386166836
550,Pb1Se0.5Te0.5,1.0923478308353638
600,Pb1Se0.5Te0.5,1.148832552543395
650,Pb1Se0.5Te0.5,1.128676907267177
350,Pb0.88Mn0.12Te1Na0.04,0.3800645509231616
400,Pb0.88Mn0.12Te1Na0.04,0.5487917596885139
450,Pb0.88Mn0.12Te1Na0.04,0.7059902633327955
500,Pb0.88Mn0.12Te1Na0.04,0.8463815840809169
550,Pb0.88Mn0.12Te1Na0.04,0.9573992213114384
600,Pb0.88Mn0.12Te1Na0.04,1.0478178130077838
650,Pb0.88Mn0.12Te1Na0.04,1.142279163522119
700,Pb0.88Mn0.12Te1Na0.04,1.254988069507524
350,Pb0.99825La0.00175Te1,0.2312317944097758
400,Pb0.99825La0.00175Te1,0.3297737010614536
450,Pb0.99825La0.00175Te1,0.4442393311056758
500,Pb0.99825La0.00175Te1,0.575805659611115
550,Pb0.99825La0.00175Te1,0.7201964315327951
600,Pb0.99825La0.00175Te1,0.8662150272174435
650,Pb0.99825La0.00175Te1,0.9955897279343324
700,Pb0.99825La0.00175Te1,1.08650206374163
750,Pb0.99825La0.00175Te1,1.1225807907737333
800,Pb0.99825La0.00175Te1,1.1046167453809386
400,Pb1Te1In0.18,0.1318799266768377
450,Pb1Te1In0.18,0.1622532546160733
500,Pb1Te1In0.18,0.1956903652381875
550,Pb1Te1In0.18,0.2300902020058985
600,Pb1Te1In0.18,0.2651198061504202
650,Pb1Te1In0.18,0.3070683289570217
700,Pb1Te1In0.18,0.3770830237765893
350,In0.0025Sn0.9975Te0.995I0.005,0.0595707718887259
400,In0.0025Sn0.9975Te0.995I0.005,0.0756404369132983
450,In0.0025Sn0.9975Te0.995I0.005,0.1008254136605916
500,In0.0025Sn0.9975Te0.995I0.005,0.1335424883536817
550,In0.0025Sn0.9975Te0.995I0.005,0.1735326444586432
600,In0.0025Sn0.9975Te0.995I0.005,0.2221431436825554
650,In0.0025Sn0.9975Te0.995I0.005,0.281662229368757
700,In0.0025Sn0.9975Te0.995I0.005,0.3531539916411422
750,In0.0025Sn0.9975Te0.995I0.005,0.4324393501751428
350,Sn0.94Bi0.06Te1,0.1245623394244673
400,Sn0.94Bi0.06Te1,0.1655656763087228
450,Sn0.94Bi0.06Te1,0.2167644166955709
500,Sn0.94Bi0.06Te1,0.2801645850853992
550,Sn0.94Bi0.06Te1,0.3556886903583746
600,Sn0.94Bi0.06Te1,0.441534474212171
650,Sn0.94Bi0.06Te1,0.5352298889103156
700,Sn0.94Bi0.06Te1,0.6347961821641168
750,Sn0.94Bi0.06Te1,0.7393040403802179
800,Sn0.94Bi0.06Te1,0.848192130360649
850,Sn0.94Bi0.06Te1,0.959002223634805
350,In0.01Sn0.99Te0.995I0.005,0.0965608562928876
400,In0.01Sn0.99Te0.995I0.005,0.1338173986761795
450,In0.01Sn0.99Te0.995I0.005,0.1860322770406299
500,In0.01Sn0.99Te0.995I0.005,0.2413795379722707
550,In0.01Sn0.99Te0.995I0.005,0.2966919778070833
600,In0.01Sn0.99Te0.995I0.005,0.3589368472496559
650,In0.01Sn0.99Te0.995I0.005,0.4384419036030005
700,In0.01Sn0.99Te0.995I0.005,0.5345640028586572
750,In0.01Sn0.99Te0.995I0.005,0.6128559208102853
350,Sb0.004Pb0.996Te0.88S0.12,0.4102750589995573
400,Sb0.004Pb0.996Te0.88S0.12,0.564320311921016
450,Sb0.004Pb0.996Te0.88S0.12,0.6798965045451497
500,Sb0.004Pb0.996Te0.88S0.12,0.8192970514211103
550,Sb0.004Pb0.996Te0.88S0.12,0.9799611363162276
600,Sb0.004Pb0.996Te0.88S0.12,1.1283251705046058
650,Sb0.004Pb0.996Te0.88S0.12,1.226108912787061
700,Sb0.004Pb0.996Te0.88S0.12,1.2567010512159933
750,Sb0.004Pb0.996Te0.88S0.12,1.2309412582884975
350,Pb1.0005Zn0.02Te1.02I0.001,0.3714475703396733
400,Pb1.0005Zn0.02Te1.02I0.001,0.4824825634888328
450,Pb1.0005Zn0.02Te1.02I0.001,0.6104504224688535
500,Pb1.0005Zn0.02Te1.02I0.001,0.7573341405859579
550,Pb1.0005Zn0.02Te1.02I0.001,0.9147420320928412
600,Pb1.0005Zn0.02Te1.02I0.001,1.0661642632579071
350,Pb0.98Na0.02Te1CWSPS,0.1663219537317209
400,Pb0.98Na0.02Te1CWSPS,0.2890902332615218
450,Pb0.98Na0.02Te1CWSPS,0.4249715955919769
500,Pb0.98Na0.02Te1CWSPS,0.5612099859614316
550,Pb0.98Na0.02Te1CWSPS,0.6849581746464913
600,Pb0.98Na0.02Te1CWSPS,0.7947982962014289
650,Pb0.98Na0.02Te1CWSPS,0.9005064648736457
700,Pb0.98Na0.02Te1CWSPS,1.006781484719178
750,Pb0.98Na0.02Te1CWSPS,1.083385300220388
350,Pb0.9975La0.0025Te1,0.1874582388774092
400,Pb0.9975La0.0025Te1,0.2717122044807684
450,Pb0.9975La0.0025Te1,0.3721786399030843
500,Pb0.9975La0.0025Te1,0.4881543415909909
550,Pb0.9975La0.0025Te1,0.6164484244621926
600,Pb0.9975La0.0025Te1,0.7497397920254258
650,Pb0.9975La0.0025Te1,0.8756036926781392
700,Pb0.9975La0.0025Te1,0.9788337584442438
750,Pb0.9975La0.0025Te1,1.0497797922298655
800,Pb0.9975La0.0025Te1,1.0972193252788658
350,In0.01Sn0.99Te1,0.0800774028703038
400,In0.01Sn0.99Te1,0.1082845153074387
450,In0.01Sn0.99Te1,0.1468440584588951
500,In0.01Sn0.99Te1,0.2004172272644555
550,In0.01Sn0.99Te1,0.2625253502260524
600,In0.01Sn0.99Te1,0.3196348613218543
650,In0.01Sn0.99Te1,0.367153312576644
700,In0.01Sn0.99Te1,0.4340321024441484
350,Pb0.5Sn0.5Te1In0.0025,0.1981765394835444
400,Pb0.5Sn0.5Te1In0.0025,0.2556760325632007
450,Pb0.5Sn0.5Te1In0.0025,0.3003015030572905
500,Pb0.5Sn0.5Te1In0.0025,0.32990166704623
550,Pb0.5Sn0.5Te1In0.0025,0.3531049702305389
600,Pb0.5Sn0.5Te1In0.0025,0.3742743151069686
650,Pb0.5Sn0.5Te1In0.0025,0.3875235678052684
350,Pb1.00015Zn0.02Te1.02I0.0003,0.533952894387681
400,Pb1.00015Zn0.02Te1.02I0.0003,0.6229051766630458
450,Pb1.00015Zn0.02Te1.02I0.0003,0.7233020638351089
500,Pb1.00015Zn0.02Te1.02I0.0003,0.8409374732211238
550,Pb1.00015Zn0.02Te1.02I0.0003,0.961083868042814
600,Pb1.00015Zn0.02Te1.02I0.0003,1.0452266221780098
350,In0.005Ag0.0125Sn0.9825Te1,0.1051522360543941
400,In0.005Ag0.0125Sn0.9825Te1,0.1317031682829542
450,In0.005Ag0.0125Sn0.9825Te1,0.160095848684455
500,In0.005Ag0.0125Sn0.9825Te1,0.1946181846019128
550,In0.005Ag0.0125Sn0.9825Te1,0.237126283246567
600,In0.005Ag0.0125Sn0.9825Te1,0.2870751189138816
650,In0.005Ag0.0125Sn0.9825Te1,0.3426424471610604
700,In0.005Ag0.0125Sn0.9825Te1,0.4034926972970361
750,In0.005Ag0.0125Sn0.9825Te1,0.475786928028523
300,Pb0.998Yb0.002Te0.993I0.007,0.2611348364551771
350,Pb0.998Yb0.002Te0.993I0.007,0.3515431269156125
400,Pb0.998Yb0.002Te0.993I0.007,0.4484786022022504
450,Pb0.998Yb0.002Te0.993I0.007,0.553432052179817
500,Pb0.998Yb0.002Te0.993I0.007,0.6387341227251203
550,Pb0.998Yb0.002Te0.993I0.007,0.6664303582918684
600,Pb0.998Yb0.002Te0.993I0.007,0.6498922498259355
350,Pb1Te0.998I0.002,0.236712359460018
400,Pb1Te0.998I0.002,0.3410988776641255
450,Pb1Te0.998I0.002,0.4670694628355226
500,Pb1Te0.998I0.002,0.6063078504537529
550,Pb1Te0.998I0.002,0.7543991621754418
600,Pb1Te0.998I0.002,0.9110860701042304
650,Pb1Te0.998I0.002,1.0755687664749174
700,Pb1Te0.998I0.002,1.2380987679862512
750,Pb1Te0.998I0.002,1.3716921406704248
350,Pb0.999In0.001Te0.95Se0.05,0.0797358046549326
400,Pb0.999In0.001Te0.95Se0.05,0.1323528516014247
450,Pb0.999In0.001Te0.95Se0.05,0.2067369898156095
500,Pb0.999In0.001Te0.95Se0.05,0.3093705414626905
550,Pb0.999In0.001Te0.95Se0.05,0.4329817243188681
600,Pb0.999In0.001Te0.95Se0.05,0.5526742688139519
650,Pb0.999In0.001Te0.95Se0.05,0.6354991939244429
700,Pb0.999In0.001Te0.95Se0.05,0.6611009359539627
750,Pb0.999In0.001Te0.95Se0.05,0.6414940398751383
350,Pb0.999In0.001Te0.7Se0.3,0.0737071658170776
400,Pb0.999In0.001Te0.7Se0.3,0.1219594485666724
450,Pb0.999In0.001Te0.7Se0.3,0.1909052692974747
500,Pb0.999In0.001Te0.7Se0.3,0.2772740895081056
550,Pb0.999In0.001Te0.7Se0.3,0.3715171611427328
600,Pb0.999In0.001Te0.7Se0.3,0.4610530781849772
650,Pb0.999In0.001Te0.7Se0.3,0.5334808049262321
700,Pb0.999In0.001Te0.7Se0.3,0.5816880440966596
750,Pb0.999In0.001Te0.7Se0.3,0.6122735007822647
350,Pb1Se0.8Te0.2,0.3506767066491133
400,Pb1Se0.8Te0.2,0.4695324979509362
450,Pb1Se0.8Te0.2,0.6064523904674984
500,Pb1Se0.8Te0.2,0.7616472216970863
550,Pb1Se0.8Te0.2,0.9170743604152946
600,Pb1Se0.8Te0.2,1.022670485571675
650,Pb1Se0.8Te0.2,1.008200750365119
300,Na0.008Pb0.962Cd0.03Te1,0.0661291243360919
350,Na0.008Pb0.962Cd0.03Te1,0.1619145092280307
400,Na0.008Pb0.962Cd0.03Te1,0.3060748626380067
450,Na0.008Pb0.962Cd0.03Te1,0.4913490202278437
500,Na0.008Pb0.962Cd0.03Te1,0.7036709150837233
550,Na0.008Pb0.962Cd0.03Te1,0.9182063792891688
600,Na0.008Pb0.962Cd0.03Te1,1.1033594388003658
650,Na0.008Pb0.962Cd0.03Te1,1.23290302767482
700,Na0.008Pb0.962Cd0.03Te1,1.2932021498807778
750,Na0.008Pb0.962Cd0.03Te1,1.279254763189685
350,Pb1Te0.9945I0.0055,0.0522109134441838
400,Pb1Te0.9945I0.0055,0.0801240997608547
450,Pb1Te0.9945I0.0055,0.1214152629778537
500,Pb1Te0.9945I0.0055,0.1791493964786789
550,Pb1Te0.9945I0.0055,0.2572511704895394
600,Pb1Te0.9945I0.0055,0.3594887825393668
650,Pb1Te0.9945I0.0055,0.486751232864403
700,Pb1Te0.9945I0.0055,0.6320926046072992
750,Pb1Te0.9945I0.0055,0.7745227124693926
350,In0.01Sn0.99Te0.985I0.015,0.1204383515184549
400,In0.01Sn0.99Te0.985I0.015,0.1639372373224738
450,In0.01Sn0.99Te0.985I0.015,0.2190396635682681
500,In0.01Sn0.99Te0.985I0.015,0.2822650212818244
550,In0.01Sn0.99Te0.985I0.015,0.3502920294439567
600,In0.01Sn0.99Te0.985I0.015,0.4204295671187434
650,In0.01Sn0.99Te0.985I0.015,0.4906535041161624
700,In0.01Sn0.99Te0.985I0.015,0.5596034303063301
750,In0.01Sn0.99Te0.985I0.015,0.6270965638650142
350,Pb1Te1Na0.003Cl0.003,0.499919824977436
400,Pb1Te1Na0.003Cl0.003,0.6891023984817582
450,Pb1Te1Na0.003Cl0.003,0.8764264380534661
500,Pb1Te1Na0.003Cl0.003,1.033223957127057
550,Pb1Te1Na0.003Cl0.003,1.1497749025910862
600,Pb1Te1Na0.003Cl0.003,1.2239475569537703
650,Pb1Te1Na0.003Cl0.003,1.2510527234463982
700,Pb1Te1Na0.003Cl0.003,1.221470956432259
350,Pb0.5Sn0.5Te1In0.00015,0.0201895460858423
400,Pb0.5Sn0.5Te1In0.00015,0.0498758706367437
450,Pb0.5Sn0.5Te1In0.00015,0.107084769884603
500,Pb0.5Sn0.5Te1In0.00015,0.1871116423559082
550,Pb0.5Sn0.5Te1In0.00015,0.2756275102820194
600,Pb0.5Sn0.5Te1In0.00015,0.3597161202783764
650,Pb0.5Sn0.5Te1In0.00015,0.4313836936629989
700,Pb0.5Sn0.5Te1In0.00015,0.4904926146284908
650,Pb0.5Sn0.5Te1,0.4554776265061221
350,Sn0.96Bi0.04Te1,0.06948035781121
400,Sn0.96Bi0.04Te1,0.1007240104248382
450,Sn0.96Bi0.04Te1,0.1433138677181353
500,Sn0.96Bi0.04Te1,0.1956597596366166
550,Sn0.96Bi0.04Te1,0.2587153006415724
600,Sn0.96Bi0.04Te1,0.3371168984346888
650,Sn0.96Bi0.04Te1,0.4349542687676129
700,Sn0.96Bi0.04Te1,0.548230726851682
750,Sn0.96Bi0.04Te1,0.6594293066476473
800,Sn0.96Bi0.04Te1,0.7482525938334451
850,Sn0.96Bi0.04Te1,0.8213240093043244
350,Sn0.92Bi0.08Te1,0.1858411736947852
400,Sn0.92Bi0.08Te1,0.2346783152179355
450,Sn0.92Bi0.08Te1,0.2924418174735119
500,Sn0.92Bi0.08Te1,0.361824572719523
550,Sn0.92Bi0.08Te1,0.4421559482865445
600,Sn0.92Bi0.08Te1,0.5296229249860325
650,Sn0.92Bi0.08Te1,0.618645330912899
700,Sn0.92Bi0.08Te1,0.7045067729197189
750,Sn0.92Bi0.08Te1,0.7866297018172278
800,Sn0.92Bi0.08Te1,0.8718186803620569
850,Sn0.92Bi0.08Te1,0.9786826632712908
350,Pb0.94Mn0.06Te1Na0.04,0.4140842803260972
400,Pb0.94Mn0.06Te1Na0.04,0.6038724359184149
450,Pb0.94Mn0.06Te1Na0.04,0.8038045482218494
500,Pb0.94Mn0.06Te1Na0.04,0.9923872847475824
550,Pb0.94Mn0.06Te1Na0.04,1.1523930254945964
600,Pb0.94Mn0.06Te1Na0.04,1.277802402007144
650,Pb0.94Mn0.06Te1Na0.04,1.3777283923057533
700,Pb0.94Mn0.06Te1Na0.04,1.4794158112463072
350,Na0.02Pb0.98Te0.85Se0.15,0.171921219089896
400,Na0.02Pb0.98Te0.85Se0.15,0.3452596708352122
450,Na0.02Pb0.98Te0.85Se0.15,0.5621221448155168
500,Na0.02Pb0.98Te0.85Se0.15,0.7760896241960169
550,Na0.02Pb0.98Te0.85Se0.15,0.9566372230936124
600,Na0.02Pb0.98Te0.85Se0.15,1.0969922835128532
650,Na0.02Pb0.98Te0.85Se0.15,1.2072938963022397
700,Na0.02Pb0.98Te0.85Se0.15,1.3037596030022085
750,Na0.02Pb0.98Te0.85Se0.15,1.404421041700906
400,In0.0025Ag0.0025Sn0.995Te1,0.0611992094053024
450,In0.0025Ag0.0025Sn0.995Te1,0.0757586478634502
500,In0.0025Ag0.0025Sn0.995Te1,0.0952087922394717
550,In0.0025Ag0.0025Sn0.995Te1,0.1226033636735833
600,In0.0025Ag0.0025Sn0.995Te1,0.1616860152032356
650,In0.0025Ag0.0025Sn0.995Te1,0.2157340034836207
700,In0.0025Ag0.0025Sn0.995Te1,0.2847692219429051
750,In0.0025Ag0.0025Sn0.995Te1,0.3601417955611556
350,Pb1S0.9968Cl0.0032,0.1106613885677524
400,Pb1S0.9968Cl0.0032,0.174948617697762
450,Pb1S0.9968Cl0.0032,0.2521709608851799
500,Pb1S0.9968Cl0.0032,0.3178500453089704
550,Pb1S0.9968Cl0.0032,0.3662078195312229
600,Pb1S0.9968Cl0.0032,0.4094792289444383
650,Pb1S0.9968Cl0.0032,0.4650675225555337
700,Pb1S0.9968Cl0.0032,0.5435398804210612
750,Pb1S0.9968Cl0.0032,0.6365305636418004
800,Pb1S0.9968Cl0.0032,0.7025678809821231
850,Pb1S0.9968Cl0.0032,0.6653063935084128
350,Pb1.0005Te0.75S0.15Se0.1Cl0.001,0.3345126733355382
400,Pb1.0005Te0.75S0.15Se0.1Cl0.001,0.4345380960323817
450,Pb1.0005Te0.75S0.15Se0.1Cl0.001,0.5235734899307225
500,Pb1.0005Te0.75S0.15Se0.1Cl0.001,0.5918606149302796
550,Pb1.0005Te0.75S0.15Se0.1Cl0.001,0.6338185070022059
600,Pb1.0005Te0.75S0.15Se0.1Cl0.001,0.647986567568946
650,Pb1.0005Te0.75S0.15Se0.1Cl0.001,0.6357927237978879
700,Pb1.0005Te0.75S0.15Se0.1Cl0.001,0.6010640104370656
750,Pb1.0005Te0.75S0.15Se0.1Cl0.001,0.5506809035799277
800,Pb1.0005Te0.75S0.15Se0.1Cl0.001,0.4951680430463137
300,Pb0.985Na0.015Te1,0.088211762394163
350,Pb0.985Na0.015Te1,0.1635540685695836
400,Pb0.985Na0.015Te1,0.2913020608780117
450,Pb0.985Na0.015Te1,0.4803157241525126
500,Pb0.985Na0.015Te1,0.7194214187202913
550,Pb0.985Na0.015Te1,0.9728129185920348
600,Pb0.985Na0.015Te1,1.1941873372789886
650,Pb0.985Na0.015Te1,1.3538591487965337
700,Pb0.985Na0.015Te1,1.4587097184255042
350,Pb1Te0.9988I0.0012,0.3504906318385786
400,Pb1Te0.9988I0.0012,0.4737978054007006
450,Pb1Te0.9988I0.0012,0.6183820158846304
500,Pb1Te0.9988I0.0012,0.7859279869539947
550,Pb1Te0.9988I0.0012,0.9708899897761408
600,Pb1Te0.9988I0.0012,1.1587865807160482
650,Pb1Te0.9988I0.0012,1.3221471059950825
700,Pb1Te0.9988I0.0012,1.4198497036793816
750,Pb1Te0.9988I0.0012,1.40728765624
300,Pb0.995Na0.005Te1,0.107732865594421
350,Pb0.995Na0.005Te1,0.2286568957288996
400,Pb0.995Na0.005Te1,0.3602054517228814
450,Pb0.995Na0.005Te1,0.5170535348882561
500,Pb0.995Na0.005Te1,0.6954073003204159
550,Pb0.995Na0.005Te1,0.8620823051030373
600,Pb0.995Na0.005Te1,0.9722868002751892
650,Pb0.995Na0.005Te1,0.998381497981182
700,Pb0.995Na0.005Te1,0.9474383061698528
350,Pb1.00025Zn0.02Te1.02I0.0005,0.512828223422269
400,Pb1.00025Zn0.02Te1.02I0.0005,0.634032520544716
450,Pb1.00025Zn0.02Te1.02I0.0005,0.7720864023063345
500,Pb1.00025Zn0.02Te1.02I0.0005,0.9334905327188476
550,Pb1.00025Zn0.02Te1.02I0.0005,1.1027361355416951
600,Pb1.00025Zn0.02Te1.02I0.0005,1.2461931127044017
350,Pb0.98Na0.02Te1CW,0.185465682592192
400,Pb0.98Na0.02Te1CW,0.3454018083084245
450,Pb0.98Na0.02Te1CW,0.5690205017069051
500,Pb0.98Na0.02Te1CW,0.8375571727514327
550,Pb0.98Na0.02Te1CW,1.123394113481114
600,Pb0.98Na0.02Te1CW,1.3949594735371242
650,Pb0.98Na0.02Te1CW,1.629378735261601
700,Pb0.98Na0.02Te1CW,1.8169805157628207
750,Pb0.98Na0.02Te1CW,1.9416583246513104
350,Pb0.5Sn0.5Te1In0.0005,0.0950344888383571
400,Pb0.5Sn0.5Te1In0.0005,0.153315813331776
450,Pb0.5Sn0.5Te1In0.0005,0.2238916453969773
500,Pb0.5Sn0.5Te1In0.0005,0.2843506031763564
550,Pb0.5Sn0.5Te1In0.0005,0.3310997158177534
600,Pb0.5Sn0.5Te1In0.0005,0.3751791445307331
650,Pb0.5Sn0.5Te1In0.0005,0.4159369213738775
300,Pb0.99La0.01Te1,0.0435880972428667
350,Pb0.99La0.01Te1,0.0621895126606141
400,Pb0.99La0.01Te1,0.0905150225187581
450,Pb0.99La0.01Te1,0.1303901958589409
500,Pb0.99La0.01Te1,0.183158224712699
550,Pb0.99La0.01Te1,0.2493039122172873
600,Pb0.99La0.01Te1,0.3286069028892923
650,Pb0.99La0.01Te1,0.4206906100613681
700,Pb0.99La0.01Te1,0.5261817382742382
750,Pb0.99La0.01Te1,0.6490516380126531
800,Pb0.99La0.01Te1,0.8009150136890963
350,Pb0.999In0.001Te0.9Se0.1,0.0931534439337661
400,Pb0.999In0.001Te0.9Se0.1,0.1576505786271191
450,Pb0.999In0.001Te0.9Se0.1,0.2492346079598915
500,Pb0.999In0.001Te0.9Se0.1,0.371466665642106
550,Pb0.999In0.001Te0.9Se0.1,0.5134452557133377
600,Pb0.999In0.001Te0.9Se0.1,0.6501684912514929
650,Pb0.999In0.001Te0.9Se0.1,0.7518611524952162
700,Pb0.999In0.001Te0.9Se0.1,0.7993811362461
750,Pb0.999In0.001Te0.9Se0.1,0.8031851452002595
800,Pb0.999In0.001Te0.9Se0.1,0.8165468601952478
350,In0.0025Sn0.9975Te1,0.0623056670273862
400,In0.0025Sn0.9975Te1,0.0785606178440441
450,In0.0025Sn0.9975Te1,0.1044194292757308
500,In0.0025Sn0.9975Te1,0.1374922260114128
550,In0.0025Sn0.9975Te1,0.178378803944263
600,In0.0025Sn0.9975Te1,0.2308542996490023
650,In0.0025Sn0.9975Te1,0.3002921758070018
700,In0.0025Sn0.9975Te1,0.3887787173319771
750,In0.0025Sn0.9975Te1,0.4846044004416929
350,Sb0.002Pb0.998Te0.88S0.12,0.6195980691308942
400,Sb0.002Pb0.998Te0.88S0.12,0.7226097444996971
450,Sb0.002Pb0.998Te0.88S0.12,0.7958069532970158
500,Sb0.002Pb0.998Te0.88S0.12,0.7831338781184506
550,Sb0.002Pb0.998Te0.88S0.12,0.7488675091856897
600,Sb0.002Pb0.998Te0.88S0.12,0.7331713048366013
650,Sb0.002Pb0.998Te0.88S0.12,0.7397139912490762
700,Sb0.002Pb0.998Te0.88S0.12,0.7475436390216489
750,Sb0.002Pb0.998Te0.88S0.12,0.7048078892027966
350,Sb0.008Pb0.992Te0.88S0.12,0.1847552958498756
400,Sb0.008Pb0.992Te0.88S0.12,0.2897829491015843
450,Sb0.008Pb0.992Te0.88S0.12,0.4062437337440102
500,Sb0.008Pb0.992Te0.88S0.12,0.5475155138924133
550,Sb0.008Pb0.992Te0.88S0.12,0.7067210516399469
600,Sb0.008Pb0.992Te0.88S0.12,0.8627368494025257
650,Sb0.008Pb0.992Te0.88S0.12,0.9970694001165686
700,Sb0.008Pb0.992Te0.88S0.12,1.1060868817651146
750,Sb0.008Pb0.992Te0.88S0.12,1.1569576509155068
300,Bi0.0044Pb0.9956Te0.88S0.12,0.0644703990416035
350,Bi0.0044Pb0.9956Te0.88S0.12,0.1288687351110137
400,Bi0.0044Pb0.9956Te0.88S0.12,0.2058274286733033
450,Bi0.0044Pb0.9956Te0.88S0.12,0.2976772775888731
500,Bi0.0044Pb0.9956Te0.88S0.12,0.4058362084660857
550,Bi0.0044Pb0.9956Te0.88S0.12,0.5242427611459314
600,Bi0.0044Pb0.9956Te0.88S0.12,0.6375955438852199
650,Bi0.0044Pb0.9956Te0.88S0.12,0.7285769718589178
700,Bi0.0044Pb0.9956Te0.88S0.12,0.7942055593291732
750,Bi0.0044Pb0.9956Te0.88S0.12,0.8621518379382086
350,Pb1Te0.9972I0.0028,0.1676933206758361
400,Pb1Te0.9972I0.0028,0.2575275618447242
450,Pb1Te0.9972I0.0028,0.3815491715486638
500,Pb1Te0.9972I0.0028,0.5226682880677467
550,Pb1Te0.9972I0.0028,0.6670726619495725
600,Pb1Te0.9972I0.0028,0.811027436732975
650,Pb1Te0.9972I0.0028,0.9610630149941396
700,Pb1Te0.9972I0.0028,1.126358318427539
750,Pb1Te0.9972I0.0028,1.3039840878640303
800,Pb1Te0.9972I0.0028,1.4603180164901368
350,In0.005Ag0.0025Sn0.9925Te1,0.1003217038547831
400,In0.005Ag0.0025Sn0.9925Te1,0.125573705976439
450,In0.005Ag0.0025Sn0.9925Te1,0.1545870320966299
500,In0.005Ag0.0025Sn0.9925Te1,0.1856374593212272
550,In0.005Ag0.0025Sn0.9925Te1,0.2219251119910833
600,In0.005Ag0.0025Sn0.9925Te1,0.2690347229416684
650,In0.005Ag0.0025Sn0.9925Te1,0.3298012234264791
700,In0.005Ag0.0025Sn0.9925Te1,0.39538033786223
350,Pb1.0015Zn0.01Te1.01I0.003,0.1389933972423828
400,Pb1.0015Zn0.01Te1.01I0.003,0.2173410419021763
450,Pb1.0015Zn0.01Te1.01I0.003,0.3075635184396635
500,Pb1.0015Zn0.01Te1.01I0.003,0.4058638956081188
550,Pb1.0015Zn0.01Te1.01I0.003,0.5115926199418771
600,Pb1.0015Zn0.01Te1.01I0.003,0.6249676341589202
300,Pb1Te0.5Se0.5I0.0002,0.2953758248509618
350,Pb1Te0.5Se0.5I0.0002,0.3896773234998854
400,Pb1Te0.5Se0.5I0.0002,0.5002178491693596
450,Pb1Te0.5Se0.5I0.0002,0.6308614409126533
500,Pb1Te0.5Se0.5I0.0002,0.7721993621048057
550,Pb1Te0.5Se0.5I0.0002,0.8854317221685122
600,Pb1Te0.5Se0.5I0.0002,0.9156505011862704
350,Pb1Te0.9996I0.0004,0.6062008685555607
400,Pb1Te0.9996I0.0004,0.693989388709244
450,Pb1Te0.9996I0.0004,0.7807496801148118
500,Pb1Te0.9996I0.0004,0.8756155325896754
550,Pb1Te0.9996I0.0004,0.9664458351929104
600,Pb1Te0.9996I0.0004,1.023360256533956
650,Pb1Te0.9996I0.0004,1.0098148913198797
700,Pb1Te0.9996I0.0004,0.9063651053361028
750,Pb1Te0.9996I0.0004,0.7341307755594958
350,Pb0.999In0.001Te0.75Se0.25,0.0531542086176584
400,Pb0.999In0.001Te0.75Se0.25,0.0945998892110109
450,Pb0.999In0.001Te0.75Se0.25,0.1565978196307
500,Pb0.999In0.001Te0.75Se0.25,0.2368990138575886
550,Pb0.999In0.001Te0.75Se0.25,0.3261513312115443
600,Pb0.999In0.001Te0.75Se0.25,0.4124831961855211
650,Pb0.999In0.001Te0.75Se0.25,0.4842573223674701
700,Pb0.999In0.001Te0.75Se0.25,0.533606138610089
750,Pb0.999In0.001Te0.75Se0.25,0.5640904687957712
350,Pb1Te1In0.1,0.1869129032696274
400,Pb1Te1In0.1,0.2304412941580373
450,Pb1Te1In0.1,0.2677617694512306
500,Pb1Te1In0.1,0.3131623272447877
550,Pb1Te1In0.1,0.3741302064286073
600,Pb1Te1In0.1,0.4503344645066248
650,Pb1Te1In0.1,0.5349844335475962
700,Pb1Te1In0.1,0.6237423080896021
350,Pb1S0.9978Cl0.0022,0.2027356521689673
400,Pb1S0.9978Cl0.0022,0.2711928510562784
450,Pb1S0.9978Cl0.0022,0.3408373452184547
500,Pb1S0.9978Cl0.0022,0.4083147874383047
550,Pb1S0.9978Cl0.0022,0.4721355370624564
600,Pb1S0.9978Cl0.0022,0.5319627623613319
650,Pb1S0.9978Cl0.0022,0.5871459891512317
700,Pb1S0.9978Cl0.0022,0.6354209004595077
750,Pb1S0.9978Cl0.0022,0.672477313565657
800,Pb1S0.9978Cl0.0022,0.6934578896637469
850,Pb1S0.9978Cl0.0022,0.696716693510564
350,In0.0025Ag0.0125Sn0.985Te1,0.0623076367879154
400,In0.0025Ag0.0125Sn0.985Te1,0.0784292362369034
450,In0.0025Ag0.0125Sn0.985Te1,0.1018047309145853
500,In0.0025Ag0.0125Sn0.985Te1,0.130676549286154
550,In0.0025Ag0.0125Sn0.985Te1,0.165024250087032
600,In0.0025Ag0.0125Sn0.985Te1,0.2066453059698901
650,In0.0025Ag0.0125Sn0.985Te1,0.2583641028677947
700,In0.0025Ag0.0125Sn0.985Te1,0.3221967185045467
750,In0.0025Ag0.0125Sn0.985Te1,0.396525924861521
350,Pb1Te1In0.06,0.268470564258225
400,Pb1Te1In0.06,0.3230010682096011
450,Pb1Te1In0.06,0.4040729007640341
500,Pb1Te1In0.06,0.4868087481742393
550,Pb1Te1In0.06,0.5586170247347244
600,Pb1Te1In0.06,0.6219798415809662
650,Pb1Te1In0.06,0.6900784719288315
700,Pb1Te1In0.06,0.7752084177819997
400,In0.005Sn0.995Te0.9975I0.0025,0.1175174312387986
450,In0.005Sn0.995Te0.9975I0.0025,0.1456741395403145
500,In0.005Sn0.995Te0.9975I0.0025,0.1771793185984634
550,In0.005Sn0.995Te0.9975I0.0025,0.2165194059627981
600,In0.005Sn0.995Te0.9975I0.0025,0.2663627883546078
650,In0.005Sn0.995Te0.9975I0.0025,0.3277629843252809
700,In0.005Sn0.995Te0.9975I0.0025,0.4013158664080716
750,In0.005Sn0.995Te0.9975I0.0025,0.489055235849277
300,Pb1Te0.9Se0.1,0.0328074990228101
350,Pb1Te0.9Se0.1,0.0846827151520103
400,Pb1Te0.9Se0.1,0.1734341993723938
450,Pb1Te0.9Se0.1,0.2928937107398522
500,Pb1Te0.9Se0.1,0.4288102909672628
550,Pb1Te0.9Se0.1,0.5684683306205265
600,Pb1Te0.9Se0.1,0.6785720484984387
650,Pb1Te0.9Se0.1,0.6964853949905311
700,Pb1Te0.9Se0.1,0.6057822326924263
750,Pb1Te0.9Se0.1,0.4726934042919924
800,Pb1Te0.9Se0.1,0.3582753196392559
300,Pb1Se1,0.0374367903018369
800,Pb1Se1,0.6248023511957479
350,In0.0025Sn0.9975Te0.985I0.015,0.0099947922015295
400,In0.0025Sn0.9975Te0.985I0.015,0.0172526508917368
450,In0.0025Sn0.9975Te0.985I0.015,0.027336647126144
500,In0.0025Sn0.9975Te0.985I0.015,0.0426849210077384
550,In0.0025Sn0.9975Te0.985I0.015,0.065072104114293
600,In0.0025Sn0.9975Te0.985I0.015,0.0947882880980787
650,In0.0025Sn0.9975Te0.985I0.015,0.1309395004863424
700,In0.0025Sn0.9975Te0.985I0.015,0.173399606091601
750,In0.0025Sn0.9975Te0.985I0.015,0.2264292539751723
350,Pb0.95Ce0.05Te1,0.3803169196309788
400,Pb0.95Ce0.05Te1,0.5233757196082188
450,Pb0.95Ce0.05Te1,0.6388594086871556
500,Pb0.95Ce0.05Te1,0.7256202297148792
550,Pb0.95Ce0.05Te1,0.7904610879202603
600,Pb0.95Ce0.05Te1,0.8380380397957561
650,Pb0.95Ce0.05Te1,0.8697126922012025
350,Pb0.75Sn0.25Te1,0.2032433945360902
400,Pb0.75Sn0.25Te1,0.2592113096865041
450,Pb0.75Sn0.25Te1,0.2778435215632618
500,Pb0.75Sn0.25Te1,0.2504512449680781
550,Pb0.75Sn0.25Te1,0.1825962699440093
600,Pb0.75Sn0.25Te1,0.094486709494041
350,Na0.025Pb0.975Se1,0.0101006860412163
400,Na0.025Pb0.975Se1,0.0211382751467211
450,Na0.025Pb0.975Se1,0.0475994748827627
500,Na0.025Pb0.975Se1,0.0925890461943234
550,Na0.025Pb0.975Se1,0.1570905611520543
600,Na0.025Pb0.975Se1,0.2425513141003722
650,Na0.025Pb0.975Se1,0.3530600098940047
700,Na0.025Pb0.975Se1,0.4945883767633935
750,Na0.025Pb0.975Se1,0.6696837978561644
800,Na0.025Pb0.975Se1,0.8669735405276753
300,Pb1Te0.5Se0.5,0.2010505863398931
350,Pb1Te0.5Se0.5,0.3148650971436884
400,Pb1Te0.5Se0.5,0.4906884345080396
450,Pb1Te0.5Se0.5,0.6783971869521224
500,Pb1Te0.5Se0.5,0.8114736958481865
550,Pb1Te0.5Se0.5,0.8654726310710774
600,Pb1Te0.5Se0.5,0.8617000714033722
650,Pb1Te0.5Se0.5,0.8270074047940705
700,Pb1Te0.5Se0.5,0.7740142303781138
750,Pb1Te0.5Se0.5,0.7042275569165626
800,Pb1Te0.5Se0.5,0.6176953488143263
350,In0.0025Sn0.9975Te0.99I0.01,0.0523074111027798
400,In0.0025Sn0.9975Te0.99I0.01,0.0668717441586866
450,In0.0025Sn0.9975Te0.99I0.01,0.0888448788133903
500,In0.0025Sn0.9975Te0.99I0.01,0.1175364701490971
550,In0.0025Sn0.9975Te0.99I0.01,0.1535387818165565
600,In0.0025Sn0.9975Te0.99I0.01,0.1982144181932194
650,In0.0025Sn0.9975Te0.99I0.01,0.2518820300921206
700,In0.0025Sn0.9975Te0.99I0.01,0.3102458615701338
750,In0.0025Sn0.9975Te0.99I0.01,0.3599461110906223
350,In0.01Ag0.01Sn0.98Te1,0.1285948006244465
400,In0.01Ag0.01Sn0.98Te1,0.1537809276292281
450,In0.01Ag0.01Sn0.98Te1,0.188216576105493
500,In0.01Ag0.01Sn0.98Te1,0.22778553800301
550,In0.01Ag0.01Sn0.98Te1,0.270694343394032
600,In0.01Ag0.01Sn0.98Te1,0.3166293219241403
650,In0.01Ag0.01Sn0.98Te1,0.3656050745867965
700,In0.01Ag0.01Sn0.98Te1,0.4170964550764485
750,In0.01Ag0.01Sn0.98Te1,0.4704941339394917
300,Na0.015Pb0.955Cd0.03Te1,0.1110391736420551
350,Na0.015Pb0.955Cd0.03Te1,0.2070301355127605
400,Na0.015Pb0.955Cd0.03Te1,0.3393981380398685
450,Na0.015Pb0.955Cd0.03Te1,0.5156535588353751
500,Na0.015Pb0.955Cd0.03Te1,0.7351942914832287
550,Na0.015Pb0.955Cd0.03Te1,0.9825887162636596
600,Na0.015Pb0.955Cd0.03Te1,1.2281486203307597
650,Na0.015Pb0.955Cd0.03Te1,1.4386210580080034
700,Na0.015Pb0.955Cd0.03Te1,1.5874905993087467
750,Na0.015Pb0.955Cd0.03Te1,1.6573227127090295
